name	bytes	sha256	category	format	evidence_level	rights
CEMEN.IBM	10030	ca875b6612c05ae5ee16b659f76a5a9d4951df886731238b36b83cef8d7e0122	圖形資料	檔名與大小暗示圖形；格式與顯示模式未知	假說	原版遊戲檔（權利人待查；使用者本機輸入，不入 Git）
DNG.SAV	6386	5b928aa4484c842b9972f0a3bcc645eabd1f1e464bfce974338d0a868dd7e63d	資料檔	內容與用途未知	未知	原版遊戲檔（權利人待查；使用者本機輸入，不入 Git）
DNG1	1982	75e1b2ff5620cbfb0b1699427d1b07e385df8cee846806ba2fff076521ea319a	資料檔	內容未知	未知	原版遊戲檔（權利人待查；使用者本機輸入，不入 Git）
DNG10	1983	ed4cbfca42b2a02347b8d7ad5e009c14e1a7c0a81ded65fc190310dd90f79cde	資料檔	內容未知	未知	原版遊戲檔（權利人待查；使用者本機輸入，不入 Git）
DNG2	1982	75883e9b60276e5e4b4ed8c809185c3c70f562902a0359d52af3f4de0db07170	資料檔	內容未知	未知	原版遊戲檔（權利人待查；使用者本機輸入，不入 Git）
DNG3	1983	a7031d937b2431ed91a1e1a5538079614ae5d79ab300e1d9d22e0a7518b5929b	資料檔	內容未知	未知	原版遊戲檔（權利人待查；使用者本機輸入，不入 Git）
DNG4	1983	0bee11b5cb555846f88ae44f20d482c4d9cda3bb9b2f3f5c7d762b338e0373b4	資料檔	內容未知	未知	原版遊戲檔（權利人待查；使用者本機輸入，不入 Git）
DNG5	1983	616d207781c34ce599730a8816445f8edf2a83ba9fb5e7896d913f2c8bfdf213	資料檔	內容未知	未知	原版遊戲檔（權利人待查；使用者本機輸入，不入 Git）
DNG6	1922	c9ea0bf9d055a2a122b6168a304c1d9dbc5eee129436ac625056302a4e0c98ec	資料檔	內容未知	未知	原版遊戲檔（權利人待查；使用者本機輸入，不入 Git）
DNG7	1983	8d32b22fdac893954463ad272e418d3b0041ee2322cd552519e651aad78dcb1a	資料檔	內容未知	未知	原版遊戲檔（權利人待查；使用者本機輸入，不入 Git）
DNG8	1984	dea25807cfd24ae67e2e318749ff6d5e374f86e8867bd3ad64285d6e1270139f	資料檔	內容未知	未知	原版遊戲檔（權利人待查；使用者本機輸入，不入 Git）
DNG9	1983	70450cf139d417cf43cccc09b92d27edeac9bbcae22ba6dce523a21b9c5db4ad	資料檔	內容未知	未知	原版遊戲檔（權利人待查；使用者本機輸入，不入 Git）
DNGX.SAV	2500	3debe114d12fa2726ed5d9e4668db3791241297d3a2bb3a00a130f5a9c607cdc	資料檔	內容與用途未知	未知	原版遊戲檔（權利人待查；使用者本機輸入，不入 Git）
FONT	2032	290385af7a5c667a69674b447b386fa4d8b3cde326da874b053944ba7e27bb37	字模	2032 bytes = 127×16；CGA 模式 4 的 8×8 字模為假說	大小已證實；用途為假說	原版遊戲檔（權利人待查；使用者本機輸入，不入 Git）
GENERAL.DOC	1611	038fe98c2ba385ddc5d2482134b766df368f4739954f6a849ce2def31ef52cab	發行商附檔	純 ASCII 文字，CRLF	已證實（bytes）	發行商附檔（WizardWorks；非遊戲文字，不翻譯；不入 Git）
GUILD.DAT	6204	0fab29452fea82c9791d2766c82a33560569d4a8462d7752cc72f496c81feb06	資料檔	內容與用途未知	未知	原版遊戲檔（權利人待查；使用者本機輸入，不入 Git）
IBMCOVER	5273	0112b997902c65f70c6ae00616230fdc3aa1eff3a0e93aa26223ed6cbaeca37a	圖形資料	檔名與大小暗示圖形；格式與顯示模式未知	假說	原版遊戲檔（權利人待查；使用者本機輸入，不入 Git）
LISTING.DOC	11020	4e92d8b696ed6ffd0c2ad0196d9901757b71201937c79a11c041e649da968617	發行商附檔	純 ASCII 文字，CRLF	已證實（bytes）	發行商附檔（WizardWorks；非遊戲文字，不翻譯；不入 Git）
M1.COM	44	576c390ce66f523f21069d8f0f3db3e4222c9ba798bcfaafb87fb0028d100ec3	啟動用 COM	無 MZ 簽章	已證實（簽章 bytes）；指令內容為強推論（手工解讀，未經反組譯器）	原版遊戲檔（權利人待查；使用者本機輸入，不入 Git）
M2.COM	44	497951135d3a26d85b75031f035ce7193da9995492e2bac474064cd3c2cae835	啟動用 COM	無 MZ 簽章	已證實（簽章 bytes）；指令內容為強推論（手工解讀，未經反組譯器）	原版遊戲檔（權利人待查；使用者本機輸入，不入 Git）
MESS1	3816	15c97d1b3989745dee8cdd76abf6b181cf3dfa40e8b57b08e9d4d9f81db95808	資料檔	非明文（可列印比例 0.38）；編碼或壓縮未知	未知	原版遊戲檔（權利人待查；使用者本機輸入，不入 Git）
MESS10	1848	7f15ba9183fe1abab36ffd4e750a7bc1e3d75a651dcac5a8cf529185c02e0c36	資料檔	非明文（可列印比例 0.39）；編碼或壓縮未知	未知	原版遊戲檔（權利人待查；使用者本機輸入，不入 Git）
MESS2	3898	4720e50e9a3ba3640565224209a15a0ebfaf490974a042e4eb08ba6f38151952	資料檔	非明文（可列印比例 0.39）；編碼或壓縮未知	未知	原版遊戲檔（權利人待查；使用者本機輸入，不入 Git）
MESS3	2791	3687ee071eb1857649eed8c7673be4e394204492133eac291db2735ee22550be	資料檔	非明文（可列印比例 0.38）；編碼或壓縮未知	未知	原版遊戲檔（權利人待查；使用者本機輸入，不入 Git）
MESS4	3775	ae0ddbc8a8d779123bd22ca8b3551bd3bde75fe043a2bdf37330da38c1a288a5	資料檔	非明文（可列印比例 0.39）；編碼或壓縮未知	未知	原版遊戲檔（權利人待查；使用者本機輸入，不入 Git）
MESS5	3816	2c88e615c9b85d84e8405be398ee6424f6bfc7823f9345118f5bec8a8302822f	資料檔	非明文（可列印比例 0.38）；編碼或壓縮未知	未知	原版遊戲檔（權利人待查；使用者本機輸入，不入 Git）
MESS6	2176	f166ef6dce694f4bd0e1829d46111155639cdaf3f7031dcbc772dfa00e7da325	資料檔	非明文（可列印比例 0.38）；編碼或壓縮未知	未知	原版遊戲檔（權利人待查；使用者本機輸入，不入 Git）
MESS7	3078	a9a5da08cc7a52a115e35cf1c0b18f163dd349d67cb6464892c8ec7717ced6d3	資料檔	非明文（可列印比例 0.38）；編碼或壓縮未知	未知	原版遊戲檔（權利人待查；使用者本機輸入，不入 Git）
MESS8	3327	ac7d9f6b7612d7baaaf6ed1d061fae95539491eeddc692b86eb17813e080b84d	資料檔	非明文（可列印比例 0.38）；編碼或壓縮未知	未知	原版遊戲檔（權利人待查；使用者本機輸入，不入 Git）
MESS9	2422	523c3f2d1f8ab59e766d610fd34367ca73ff6feaaabacf45e1971f5e2ac9a59a	資料檔	非明文（可列印比例 0.39）；編碼或壓縮未知	未知	原版遊戲檔（權利人待查；使用者本機輸入，不入 Git）
MSTR1IBM.PAT	20270	f8c074fe22e0385540047bae702fb2947e3e41e0ff877812fa0abe7b762e5320	圖形資料	檔名與大小暗示圖形；格式與顯示模式未知	假說	原版遊戲檔（權利人待查；使用者本機輸入，不入 Git）
MSTR2IBM.PAT	22171	9f14246c202659f9791016968b51aab1df596af1b18c10dbc8a6bc5a0a5c1f70	圖形資料	檔名與大小暗示圖形；格式與顯示模式未知	假說	原版遊戲檔（權利人待查；使用者本機輸入，不入 Git）
ORDER.DOC	2878	1e0e274762811dea3e1d25c25facb6b96d88349dbe6e41682f8086fb09eb4ca8	發行商附檔	純 ASCII 文字，CRLF	已證實（bytes）	發行商附檔（WizardWorks；非遊戲文字，不翻譯；不入 Git）
OUT1.DAT	1024	1ad68c2c67dcb2c94b4260007adedc23a8fa5fe4676897ad8622e2f976357532	資料檔	固定 1024 bytes；內容未知	未知	原版遊戲檔（權利人待查；使用者本機輸入，不入 Git）
OUT10.DAT	1024	26678eda420b02fc180bdc27d8068c24cdda9c4e81f0947dc266ea360941fc3f	資料檔	固定 1024 bytes；內容未知	未知	原版遊戲檔（權利人待查；使用者本機輸入，不入 Git）
OUT11.DAT	1024	01823f149dd0b78e1c0de0f49219553e828fe9a726d4352e56e3c0b7cabdf809	資料檔	固定 1024 bytes；內容未知	未知	原版遊戲檔（權利人待查；使用者本機輸入，不入 Git）
OUT12.DAT	1024	fd929d16c81423e3e4bead53c9fb31d307a3aae8831b6516675363bb41828f3b	資料檔	固定 1024 bytes；內容未知	未知	原版遊戲檔（權利人待查；使用者本機輸入，不入 Git）
OUT13.DAT	1024	4e1687c93bee5366c5658fb8122d3ed433d00e8fc06ebd31dc1de211d503b58f	資料檔	固定 1024 bytes；內容未知	未知	原版遊戲檔（權利人待查；使用者本機輸入，不入 Git）
OUT14.DAT	1024	f3553dfdb6e38b5603dc07be8e8553ca88a8e70b828218336ce572445f9a36a4	資料檔	固定 1024 bytes；內容未知	未知	原版遊戲檔（權利人待查；使用者本機輸入，不入 Git）
OUT15.DAT	1024	8313d18f3d33c53b7aa03859234ffe9833455f200dc5bfdac58e4de1d181ca0d	資料檔	固定 1024 bytes；內容未知	未知	原版遊戲檔（權利人待查；使用者本機輸入，不入 Git）
OUT16.DAT	1024	63b0882ea8522fd05b22fd1cea7bdb828fea8f73c9baf7b32d4e9de032955301	資料檔	固定 1024 bytes；內容未知	未知	原版遊戲檔（權利人待查；使用者本機輸入，不入 Git）
OUT18.DAT	1024	4968c5f70b8cf6f73829bfafe67c19598a53e6c8e1ed8d8e4b218bda15ae013f	資料檔	固定 1024 bytes；內容未知	未知	原版遊戲檔（權利人待查；使用者本機輸入，不入 Git）
OUT19.DAT	1024	b3fc17d18ddb7a2582c624881fd425c95760eec75324081afb2acf02be135262	資料檔	固定 1024 bytes；內容未知	未知	原版遊戲檔（權利人待查；使用者本機輸入，不入 Git）
OUT2.DAT	1024	f193f7f5aa749d8d8f0049773290f4c27a64dad2bb24971819b81fe33e4ad828	資料檔	固定 1024 bytes；內容未知	未知	原版遊戲檔（權利人待查；使用者本機輸入，不入 Git）
OUT3.DAT	1024	775ce81d5ac152dc58ffe1d3ee1c457759789afaab43b7b952413a96f23f8293	資料檔	固定 1024 bytes；內容未知	未知	原版遊戲檔（權利人待查；使用者本機輸入，不入 Git）
OUT4.DAT	1024	59fd83afe14bb2d13d273296e703b219a0a2235c964406e12bcda516e903ebe0	資料檔	固定 1024 bytes；內容未知	未知	原版遊戲檔（權利人待查；使用者本機輸入，不入 Git）
OUT5.DAT	1024	6e3a1663370aa0a519d16fcd89578f40e1f11980e21e1c4fd12ece59a34cb7a3	資料檔	固定 1024 bytes；內容未知	未知	原版遊戲檔（權利人待查；使用者本機輸入，不入 Git）
OUT6.DAT	1024	31d38b570783ae6c81a1d4d2ab7843c907b07a7d7b559759ae1c49f8a199fafe	資料檔	固定 1024 bytes；內容未知	未知	原版遊戲檔（權利人待查；使用者本機輸入，不入 Git）
OUT7.DAT	1024	2e4303899d0f0d7b55dbf417351a20a544cd79cd8f779762a7d094dda4b7398b	資料檔	固定 1024 bytes；內容未知	未知	原版遊戲檔（權利人待查；使用者本機輸入，不入 Git）
OUT8.DAT	1024	85d72a4460ed8df6d276d87ec68e05bc63079ef8192c3e52f12f5ba1482dfe22	資料檔	固定 1024 bytes；內容未知	未知	原版遊戲檔（權利人待查；使用者本機輸入，不入 Git）
OUT9.DAT	1024	57b4640cdf094eaa9afcfa5a864a5979dda42afde0ee47a227fbd4eb72b68ede	資料檔	固定 1024 bytes；內容未知	未知	原版遊戲檔（權利人待查；使用者本機輸入，不入 Git）
OV1.OVR	25703	6d2588953e404223b829f64b936fc943d61165cf5212976426b672699e876797	overlay	開頭 F2 00 EA 53；不是 Borland 的 FBOV 簽章	已證實（bytes）；載入機制未知	原版遊戲檔（權利人待查；使用者本機輸入，不入 Git）
OV2.OVR	32963	89c7c0ad606524aaa3a92e42cf34df4b735939ece5fc05e0f949dddfdea7c0b2	overlay	開頭 F2 00 EA 53；不是 Borland 的 FBOV 簽章	已證實（bytes）；載入機制未知	原版遊戲檔（權利人待查；使用者本機輸入，不入 Git）
PAT	450	9931f46cde4f0ebea3a3571fdd5bf2e7039ccdd2932472675185ff071048d651	資料檔	內容與用途未知	未知	原版遊戲檔（權利人待查；使用者本機輸入，不入 Git）
PELNOR.IBM	16384	68833b5ae2ef2c77317b7a30998aacca1a7edf942c20dd0316df833e4394036c	圖形資料	檔名與大小暗示圖形；格式與顯示模式未知	假說	原版遊戲檔（權利人待查；使用者本機輸入，不入 Git）
PHANTASI.EXE	21101	0f00a1af62cfcc383b4ca2e4382321f357063ba1457081da6edca4eb9f28e716	主程式	MZ；image_bytes=21101；hdr_paras=2；reloc=0；minalloc=6411；maxalloc=61581；ss:sp=087E:0080；cs:ip=0509:0012；sig_at_1C=LZ09	已證實（標頭 bytes）；LZEXE 0.90 壓縮為強推論	原版遊戲檔（權利人待查；使用者本機輸入，不入 Git）
Phantasie (1987).exo	0	e3b0c44298fc1c149afbf4c8996fb92427ae41e4649b934ca495991b7852b855	空檔	0 bytes	已證實（bytes）	無內容；不入 Git
PHBACKUP	56902	f1a0878d6593e2e96029afb7e0fdec033a8d8f15693f99b3b1177a52927e5e94	資料檔	內容與用途未知	未知	原版遊戲檔（權利人待查；使用者本機輸入，不入 Git）
PHM	2056	857bc100cce67d2a22e3df2e11820ab2edf40923fdbd57d8f6216f59112ea697	資料檔	內容與用途未知	未知	原版遊戲檔（權利人待查；使用者本機輸入，不入 Git）
PRT1IBM.PAT	4096	001775cde8d7a3e6902b2bd189568951efef6364d20a4ca4816e741b723b0632	圖形資料	檔名與大小暗示圖形；格式與顯示模式未知	假說	原版遊戲檔（權利人待查；使用者本機輸入，不入 Git）
PRT2IBM.PAT	4096	be4f143ca1541b774733b4e3d91e510ec13f4358ab80c4a91a8a937c62e6b623	圖形資料	檔名與大小暗示圖形；格式與顯示模式未知	假說	原版遊戲檔（權利人待查；使用者本機輸入，不入 Git）
R32768.COM	86	e1f62ddf3eccb69a0f1640fff1bcd1b682975c009631f7e7f302799aee022123	啟動用 COM	無 MZ 簽章	已證實（簽章 bytes）；指令內容為強推論（手工解讀，未經反組譯器）	原版遊戲檔（權利人待查；使用者本機輸入，不入 Git）
SACK.DAT	120	6edd9f6f9cc92cded36e6c4a580933f9c9f1b90562b46903b806f21902a1a54f	資料檔	內容與用途未知	未知	原版遊戲檔（權利人待查；使用者本機輸入，不入 Git）
SCROLLS.DTX	16000	f5dce939f5eed7c43d624307f9c79df0451b494c6b878b74575fff5c08b6c9cf	資料檔	非明文（可列印比例 0.52）；編碼或壓縮未知	未知	原版遊戲檔（權利人待查；使用者本機輸入，不入 Git）
TWNS.DAT	3492	1d9fe7f151f0b763de92e6f0c6b1d0d4936469f6679f934d0b832ce5066ed932	資料檔	內容與用途未知	未知	原版遊戲檔（權利人待查；使用者本機輸入，不入 Git）
TWNS.INT	12987	24cc5fb23d002c74fd96697724c8dd9871ab0380fae92e789870b93c5c29a82d	資料檔	內容與用途未知	未知	原版遊戲檔（權利人待查；使用者本機輸入，不入 Git）
VERSION	114	6e33c09821f09286ea6920e4a4e10f49fb6cbebd8e3413da3bd72d3a2445e32c	版本字串	純 ASCII 文字	已證實（bytes）	原版遊戲檔（權利人待查；使用者本機輸入，不入 Git）
WIZ-MAIN.BSV	4007	a24f456b439b3522981793b6a224eb94a0a7f1ec1663b095f716661b18139744	圖形資料	BSAVE 標頭：魔數 FD、段 B800、偏移 0000、長度 0FA0（4000）；檔案大小 4007 = 7+長度	標頭已證實；內容為畫面影像屬強推論	原版遊戲檔（權利人待查；使用者本機輸入，不入 Git）
WIZ.BAT	52	7818aecd8a362735d1583d9ca9f842a141feb69f2ac6cb23cfbd98b1e216b0ac	啟動腳本	純 ASCII 文字，CRLF	已證實（bytes）	原版遊戲檔（權利人待查；使用者本機輸入，不入 Git）
ZEUS.IBM	5763	87c982d8dbe82053e32d682a2b3c431b5c88c7d90ac4ceefa32ac11d4ab9c113	圖形資料	檔名與大小暗示圖形；格式與顯示模式未知	假說	原版遊戲檔（權利人待查；使用者本機輸入，不入 Git）
